role,base_salary,ote,annual_quota,commission_rate_0_50pct,commission_rate_50_100pct,commission_rate_100pct_plus,accelerator_100_125pct,accelerator_125pct_plus,monthly_spiff_1,monthly_spiff_2,quarterly_kicker,notes
SDR,62000,93000,480000_meetings_booked,6%_of_ACV_on_converted_deals,8%_of_ACV_on_converted_deals,10%_of_ACV,N/A,N/A,$500_per_qualified_opp_that_converts_to_closed_won,$250_per_month_if_>_120%_meeting_quota,10%_bonus_on_all_commissions_if_team_hits_quarterly_quota,"SDR commission paid on ACV of closed-won deals sourced from SDR meetings. Commission paid at deal close, not meeting. OTE assumes 100% quota achievement."
BDR,73000,109500,600000_ACV_sourced,6%_of_ACV_on_converted_deals,8%_of_ACV_on_converted_deals,10%_of_ACV,N/A,N/A,$500_per_enterprise_opp_converted,$300_per_month_if_>_115%_ACV_sourced_quota,10%_bonus_on_all_commissions_if_team_hits_quarterly_quota,"BDR differs from SDR in that BDR focuses on enterprise outbound. Higher OTE reflects larger deal ACV. Commission vests at deal close."
AE_Mid_Market,92000,184000,920000,5%,8%,10%,12%,15%,$1000_per_new_logo_closed,$500_per_multi_year_deal_signed,5%_of_all_Q_commissions_if_100%+_quota_attainment,"Base is 50% of OTE. Commission rates apply to ACV of new logo and expansion deals. Renewals flat rate 3%. Accelerators kick in above 100% of cumulative quarterly quota."
AE_Senior,115000,230000,1150000,5%,8%,10%,12%,16%,$1500_per_new_logo,$750_per_multi_year_deal,5%_of_all_Q_commissions_if_100%+_quota_attainment,"Same structure as Mid-Market AE with higher quota and higher accelerators. Additional $2000 SPIFF for deals > $200K ACV. Renewals at 3%."
AE_Enterprise,140000,280000,1400000,4%,7%,10%,13%,18%,$2000_per_new_logo,$1000_per_multi_year_deal_>_2yr,7%_of_all_Q_commissions_if_100%+_quota_attainment,"Enterprise AEs carry named accounts. Commission rate slightly lower at low attainment to reflect larger deal sizes. Deals >$300K ACV: additional 1% bonus commission on full ACV. Renewals at 2.5%."
Senior_AE_Enterprise,160000,352000,1600000,4%,7%,11%,14%,20%,$2500_per_new_logo,$1500_per_multi_year_deal_>_2yr,8%_of_all_Q_commissions_if_100%+_quota_attainment,"Top-tier individual contributor. Handles strategic accounts (>1000 employee prospects). Additional President's Club eligibility at 140%+ annual attainment (trip + $10K cash)."
Sales_Manager_M1,150000,225000,3500000_team_quota,N/A,N/A,N/A,N/A,N/A,$500_per_rep_on_team_who_hits_monthly_quota,N/A,5%_of_team_overachievement_above_100%_team_quota,"Sales Manager OTE includes team override: 1.5% of all team-closed ACV up to 100% team quota; 3% of all team ACV above 100% team quota. No individual deal commission."
Sales_Director_M3,220000,330000,8000000_team_quota,N/A,N/A,N/A,N/A,N/A,$1000_per_rep_on_team_at_100%+_quarterly,N/A,4%_of_team_overachievement_above_100%_team_quota,"Director override: 0.75% of all team-closed ACV up to 100%; 2% above 100%. Eligible for President's Club at 130%+ team attainment."
VP_Sales_M4,290000,435000,22500000_company_quota,N/A,N/A,N/A,N/A,N/A,N/A,N/A,10%_bonus_on_base_if_company_hits_annual_ARR_target,"VP commission tied to company-wide ARR target. 5% of base per 10% above 100% company attainment. Maximum VP bonus 35% of base. Equity refreshed at 150%+ company attainment."
